{
    "L1d Hit rate": 0.95990723,
    "L1i Hit rate": 0.805719,
    "L2 Hit rate": 0.9849686,
    "L3 Hit rate": 0.2041104,
    "L1i TLB hit rate": 0.9988,
    "L1d TLB hit rate": 0.9955,
    "IPC": 0.9858,
    "Branch Prediction Accuracy": 59.6351,
    "Time Taken": 4057.0,
    "Micro-op Cache Hit Rate": 0.8312,
    "Target Predictor Accuracy": 82.4858,
    "Predicate Predictor Accuracy": 27.508,
    "Core Energy": [
        710319257.8753,
        15770086.8476,
        726089344.7229,
        0.0
    ],
    "Shared Cache Energy": [
        46055536.2432,
        24757.5879,
        46080293.8311,
        0.0
    ],
    "Main Memory Controller Energy": [
        1776984.2208,
        1205.9936,
        1778190.2144,
        0.0
    ],
    "Coherence Energy": [
        26581736.5632,
        0.0,
        26581736.5632,
        0.0
    ],
    "Total Energy": [
        1058875929.8977,
        16134229.9851,
        1075010159.8828,
        0.0
    ]
}