{
    "L1d Hit rate": 0.9544035,
    "L1i Hit rate": 0.79096586,
    "L2 Hit rate": 0.9847691,
    "L3 Hit rate": 0.20170666,
    "L1i TLB hit rate": 0.9988,
    "L1d TLB hit rate": 0.9954,
    "IPC": 1.7945,
    "Branch Prediction Accuracy": 89.7722,
    "Time Taken": 2228.0,
    "Micro-op Cache Hit Rate": 0.8279,
    "Target Predictor Accuracy": 82.4859,
    "Predicate Predictor Accuracy": 97.4274,
    "Core Energy": [
        390213428.5796,
        15769978.6897,
        405983407.2693,
        0.0
    ],
    "Shared Cache Energy": [
        25300579.2864,
        25024.6114,
        25325603.8978,
        0.0
    ],
    "Main Memory Controller Energy": [
        976185.1416,
        1213.0112,
        977398.1528,
        0.0
    ],
    "Coherence Energy": [
        14602659.9264,
        0.0,
        14602659.9264,
        0.0
    ],
    "Total Energy": [
        581692812.7244,
        16138704.8587,
        597831517.5831,
        0.0
    ]
}