{"L1d Hit rate": 0.7689869, "L1i Hit rate": 0.5046512, "L2 Hit rate": 0.89885426, "L3 Hit rate": 0.43020016, "L1i TLB hit rate": 0.9535, "L1d TLB hit rate": 0.999, "IPC": 2.1941, "Branch Prediction Accuracy": 98.9934, "Time Taken": 1822.0, "Micro-op Cache Hit Rate": 0.9999, "Target Predictor Accuracy": 99.945, "Predicate Predictor Accuracy": 0, "Core Energy": [319141401.768, 22065876.5853, 341207278.3533, 0.0], "Shared Cache Energy": [20692425.6, 267923.9216, 20960349.5216, 0.0], "Main Memory Controller Energy": [798386.4, 12742.2752, 811128.6752, 0.0], "Coherence Energy": [11942985.6, 0.0, 11942985.6, 0.0], "Total Energy": [475745440.968, 25921235.5037, 501666676.4717, 0.0]}