{"L1d Hit rate": 0.96642, "L1i Hit rate": 0.45474613, "L2 Hit rate": 0.99589217, "L3 Hit rate": 0.28462604, "L1i TLB hit rate": 0.9831, "L1d TLB hit rate": 0.9999, "IPC": 4.4279, "Branch Prediction Accuracy": 92.2737, "Time Taken": 903.0, "Micro-op Cache Hit Rate": 0.9997, "Target Predictor Accuracy": 86.3292, "Predicate Predictor Accuracy": 100.0, "Core Energy": [158156029.7592, 19204416.9318, 177360446.691, 0.0], "Shared Cache Energy": [10254488.64, 7629.6777, 10262118.3177, 0.0], "Main Memory Controller Energy": [395654.16, 366.6016, 396020.7616, 0.0], "Coherence Energy": [5918552.64, 0.0, 5918552.64, 0.0], "Total Energy": [235763864.2392, 19317759.1375, 255081623.3767, 0.0]}