{"L1d Hit rate": 0.966309, "L1i Hit rate": 0.44665194, "L2 Hit rate": 0.99587816, "L3 Hit rate": 0.28781077, "L1i TLB hit rate": 0.9838, "L1d TLB hit rate": 0.9999, "IPC": 4.5462, "Branch Prediction Accuracy": 100.0, "Time Taken": 879.0, "Micro-op Cache Hit Rate": 0.9997, "Target Predictor Accuracy": 86.3292, "Predicate Predictor Accuracy": 100.0, "Core Energy": [154040877.517, 19204434.3828, 173245311.8997, 0.0], "Shared Cache Energy": [9987671.232, 7610.1692, 9995281.4012, 0.0], "Main Memory Controller Energy": [385359.408, 363.9904, 385723.3984, 0.0], "Coherence Energy": [5764554.432, 0.0, 5764554.432, 0.0], "Total Energy": [229629389.341, 19317555.5271, 248946944.8681, 0.0]}