{
    "L1d Hit rate": 0.7288771,
    "L1i Hit rate": 0.66324526,
    "L2 Hit rate": 0.43056387,
    "L3 Hit rate": 0.20818162,
    "L1i TLB hit rate": 0.9921,
    "L1d TLB hit rate": 0.991,
    "IPC": 0.244,
    "Branch Prediction Accuracy": 99.0171,
    "Time Taken": 8194.0,
    "Micro-op Cache Hit Rate": 0.9935,
    "Target Predictor Accuracy": 97.8172,
    "Predicate Predictor Accuracy": 99.8814,
    "Core Energy": [
        1434797552.846,
        15215523.5712,
        1450013076.4172,
        0.0
    ],
    "Shared Cache Energy": [
        93029113.2672,
        402129.4346,
        93431242.7018,
        0.0
    ],
    "Main Memory Controller Energy": [
        3589389.6768,
        19956.0416,
        3609345.7184,
        0.0
    ],
    "Coherence Energy": [
        53693335.9872,
        0.0,
        53693335.9872,
        0.0
    ],
    "Total Energy": [
        2138858796.4364,
        21200439.4634,
        2160059235.8999,
        0.0
    ]
}