{
    "L1d Hit rate": 0.7300836,
    "L1i Hit rate": 0.64625007,
    "L2 Hit rate": 0.4192445,
    "L3 Hit rate": 0.18185695,
    "L1i TLB hit rate": 0.9921,
    "L1d TLB hit rate": 0.991,
    "IPC": 0.0422,
    "Branch Prediction Accuracy": 99.0171,
    "Time Taken": 94830.0,
    "Micro-op Cache Hit Rate": 0.9935,
    "Target Predictor Accuracy": 97.8172,
    "Predicate Predictor Accuracy": 99.8814,
    "Core Energy": [
        16603222805.4498,
        15215359.8128,
        16618438165.2626,
        0.0
    ],
    "Shared Cache Energy": [
        1076516399.0592,
        432550.6027,
        1076948949.6619,
        0.0
    ],
    "Main Memory Controller Energy": [
        41535780.7248,
        22009.9136,
        41557790.6384,
        0.0
    ],
    "Coherence Energy": [
        621329760.9792,
        0.0,
        621329760.9792,
        0.0
    ],
    "Total Energy": [
        24750494643.7842,
        21589787.4251,
        24772084431.2093,
        0.0
    ]
}