{
    "L1d Hit rate": 0.7417365,
    "L1i Hit rate": 0.6766333,
    "L2 Hit rate": 0.44016364,
    "L3 Hit rate": 0.22583184,
    "L1i TLB hit rate": 0.992,
    "L1d TLB hit rate": 0.991,
    "IPC": 2.8743,
    "Branch Prediction Accuracy": 99.0171,
    "Time Taken": 34787.0,
    "Micro-op Cache Hit Rate": 0.9936,
    "Target Predictor Accuracy": 97.8174,
    "Predicate Predictor Accuracy": 99.8815,
    "Core Energy": [
        6090689693.9358,
        15218026.7766,
        6105907720.7124,
        0.0
    ],
    "Shared Cache Energy": [
        394906905.36,
        395311.1913,
        395302216.5513,
        0.0
    ],
    "Main Memory Controller Energy": [
        15236894.34,
        19649.4976,
        15256543.8376,
        0.0
    ],
    "Coherence Energy": [
        227927241.36,
        0.0,
        227927241.36,
        0.0
    ],
    "Total Energy": [
        9079416954.9558,
        21104939.6655,
        9100521894.6213,
        0.0
    ]
}