{
    "L1d Hit rate": 0.72840405,
    "L1i Hit rate": 0.65669656,
    "L2 Hit rate": 0.43020278,
    "L3 Hit rate": 0.20236406,
    "L1i TLB hit rate": 0.992,
    "L1d TLB hit rate": 0.991,
    "IPC": 0.1687,
    "Branch Prediction Accuracy": 99.0171,
    "Time Taken": 23701.0,
    "Micro-op Cache Hit Rate": 0.9935,
    "Target Predictor Accuracy": 97.8172,
    "Predicate Predictor Accuracy": 99.8814,
    "Core Energy": [
        4149644375.4255,
        15215590.1326,
        4164859965.558,
        0.0
    ],
    "Shared Cache Energy": [
        269053801.9488,
        401580.1466,
        269455382.0954,
        0.0
    ],
    "Main Memory Controller Energy": [
        10381039.9272,
        19933.1936,
        10400973.1208,
        0.0
    ],
    "Coherence Energy": [
        155288980.8288,
        0.0,
        155288980.8288,
        0.0
    ],
    "Total Energy": [
        6185892467.4471,
        21189440.7776,
        6207081908.2246,
        0.0
    ]
}